{
    "name": "root",
    "gauges": {
        "Agent.Policy.Entropy.mean": {
            "value": 0.07231460511684418,
            "min": 0.07231460511684418,
            "max": 0.6684911251068115,
            "count": 75
        },
        "Agent.Policy.Entropy.sum": {
            "value": 705.79052734375,
            "min": 705.79052734375,
            "max": 6920.22021484375,
            "count": 75
        },
        "Agent.Environment.EpisodeLength.mean": {
            "value": 58.92857142857143,
            "min": 30.57680250783699,
            "max": 58.92857142857143,
            "count": 75
        },
        "Agent.Environment.EpisodeLength.sum": {
            "value": 9900.0,
            "min": 9587.0,
            "max": 10017.0,
            "count": 75
        },
        "Agent.Step.mean": {
            "value": 749939.0,
            "min": 9946.0,
            "max": 749939.0,
            "count": 75
        },
        "Agent.Step.sum": {
            "value": 749939.0,
            "min": 9946.0,
            "max": 749939.0,
            "count": 75
        },
        "Agent.Policy.ExtrinsicValueEstimate.mean": {
            "value": 6.241579055786133,
            "min": 0.5761522650718689,
            "max": 6.8805413246154785,
            "count": 75
        },
        "Agent.Policy.ExtrinsicValueEstimate.sum": {
            "value": 1423.080078125,
            "min": 184.94488525390625,
            "max": 1610.046630859375,
            "count": 75
        },
        "Agent.Environment.CumulativeReward.mean": {
            "value": 11.271219905643235,
            "min": 3.4615865342649585,
            "max": 11.271219905643235,
            "count": 75
        },
        "Agent.Environment.CumulativeReward.sum": {
            "value": 1893.5649441480637,
            "min": 1014.2448545396328,
            "max": 1893.5649441480637,
            "count": 75
        },
        "Agent.Policy.ExtrinsicReward.mean": {
            "value": 11.271219905643235,
            "min": 3.4615865342649585,
            "max": 11.271219905643235,
            "count": 75
        },
        "Agent.Policy.ExtrinsicReward.sum": {
            "value": 1893.5649441480637,
            "min": 1014.2448545396328,
            "max": 1893.5649441480637,
            "count": 75
        },
        "Agent.Losses.PolicyLoss.mean": {
            "value": 0.10050146473610463,
            "min": 0.0922781967247526,
            "max": 0.10793971265278135,
            "count": 75
        },
        "Agent.Losses.PolicyLoss.sum": {
            "value": 0.5025073236805232,
            "min": 0.3734463247907997,
            "max": 0.5396985632639067,
            "count": 75
        },
        "Agent.Losses.ValueLoss.mean": {
            "value": 3.747061813871066,
            "min": 1.290868974601229,
            "max": 4.793976904451847,
            "count": 75
        },
        "Agent.Losses.ValueLoss.sum": {
            "value": 18.73530906935533,
            "min": 5.163475898404916,
            "max": 23.969884522259235,
            "count": 75
        },
        "Agent.Policy.LearningRate.mean": {
            "value": 0.0002255790648069867,
            "min": 0.0002255790648069867,
            "max": 0.00029948145017285,
            "count": 75
        },
        "Agent.Policy.LearningRate.sum": {
            "value": 0.0011278953240349335,
            "min": 0.0009060433979855665,
            "max": 0.0014927191024269666,
            "count": 75
        },
        "Agent.Policy.Epsilon.mean": {
            "value": 0.17519301333333334,
            "min": 0.17519301333333334,
            "max": 0.19982715,
            "count": 75
        },
        "Agent.Policy.Epsilon.sum": {
            "value": 0.8759650666666667,
            "min": 0.7020144333333332,
            "max": 0.9975730333333334,
            "count": 75
        },
        "Agent.Policy.Beta.mean": {
            "value": 0.007521782031999999,
            "min": 0.007521782031999999,
            "max": 0.009982732285,
            "count": 75
        },
        "Agent.Policy.Beta.sum": {
            "value": 0.037608910159999995,
            "min": 0.030211241889999997,
            "max": 0.04975754603,
            "count": 75
        },
        "Agent.IsTraining.mean": {
            "value": 1.0,
            "min": 1.0,
            "max": 1.0,
            "count": 75
        },
        "Agent.IsTraining.sum": {
            "value": 1.0,
            "min": 1.0,
            "max": 1.0,
            "count": 75
        }
    },
    "metadata": {
        "timer_format_version": "0.1.0",
        "start_time_seconds": "1743595914",
        "python_version": "3.9.18 (main, Sep 11 2023, 14:09:26) [MSC v.1916 64 bit (AMD64)]",
        "command_line_arguments": "C:\\Users\\User\\anaconda3\\envs\\mlagents_env\\Scripts\\mlagents-learn config/Agent.yaml --force --run-id=AgentObserveTagReward",
        "mlagents_version": "0.30.0",
        "mlagents_envs_version": "0.30.0",
        "communication_protocol_version": "1.5.0",
        "pytorch_version": "1.7.1+cu110",
        "numpy_version": "1.21.2",
        "end_time_seconds": "1743597348"
    },
    "total": 1434.7015029000002,
    "count": 1,
    "self": 0.0073192000002109125,
    "children": {
        "run_training.setup": {
            "total": 0.15398009999999984,
            "count": 1,
            "self": 0.15398009999999984
        },
        "TrainerController.start_learning": {
            "total": 1434.5402036,
            "count": 1,
            "self": 1.5660637000071347,
            "children": {
                "TrainerController._reset_env": {
                    "total": 37.427148499999994,
                    "count": 1,
                    "self": 37.427148499999994
                },
                "TrainerController.advance": {
                    "total": 1395.433931999993,
                    "count": 61153,
                    "self": 1.4945881000003283,
                    "children": {
                        "env_step": {
                            "total": 736.9620825000184,
                            "count": 61153,
                            "self": 573.7141320000273,
                            "children": {
                                "SubprocessEnvManager._take_step": {
                                    "total": 162.31317269998473,
                                    "count": 61153,
                                    "self": 3.931590199995327,
                                    "children": {
                                        "TorchPolicy.evaluate": {
                                            "total": 158.3815824999894,
                                            "count": 47414,
                                            "self": 158.3815824999894
                                        }
                                    }
                                },
                                "workers": {
                                    "total": 0.9347778000062306,
                                    "count": 61153,
                                    "self": 0.0,
                                    "children": {
                                        "worker_root": {
                                            "total": 1396.8179119000174,
                                            "count": 61153,
                                            "is_parallel": true,
                                            "self": 917.2872446000252,
                                            "children": {
                                                "steps_from_proto": {
                                                    "total": 0.0005652999999981034,
                                                    "count": 1,
                                                    "is_parallel": true,
                                                    "self": 0.00021079999999784604,